{"0 | 0":[[[-359.8781,-58.763195,-12.881581,3.1653981,-1.7172623,1.0307462,-0.24123684,0.3945278],[-43.834362,3.99506,3.1525373,-0.5416403,0.52578735,-0.9233279,0.17978716,-0.13709474],[-95.70113,51.497322,8.804511,-4.123637,1.5190153,-0.6202669,0.50013065,-0.47418475],[27.273737,-18.433903,-7.789379,-0.6142893,-0.21408463,0.406384,-0.0977664,0.44445062],[41.0095,-15.000672,-4.4263096,0.5919924,-0.4294839,-0.010104656,-0.025851727,-0.2317636],[-13.241613,4.6240726,2.3237119,-0.87113285,0.48040676,0.05465126,0.074486494,0.14823449],[-3.816678,0.3893628,0.714643,0.49032164,0.30047464,-0.16562152,-0.0013084412,0.15701485],[1.7558738,-0.9850669,0.91308,0.376271,0.013893008,-0.027711272,-0.0014235973,-0.00024920702]],[[0.0,0.0,0.0,0.0,0.0,0.0,0.0,0.0],[0.0,0.0,0.0,0.0,0.0,0.0,0.0,0.0],[0.0,0.0,0.0,0.0,0.0,0.0,0.0,0.0],[0.0,0.0,0.0,0.0,0.0,0.0,0.0,0.0],[0.0,0.0,0.0,0.0,0.0,0.0,0.0,0.0],[0.0,0.0,0.0,0.0,0.0,0.0,0.0,0.0],[0.0,0.0,0.0,0.0,0.0,0.0,0.0,0.0],[0.0,0.0,0.0,0.0,0.0,0.0,0.0,0.0]],[[0.000012397739,0.0000091705,-0.000013706353,-0.000009030461,9.536695e-7,-2.1754678e-7,-0.000005677327,-0.000006996224],[-0.000018941697,-0.000010095376,0.0000057749403,0.000012345835,-5.229026e-8,-0.0000016991291,0.0000037058583,0.000007102783],[0.0000047703033,0.0000100166,0.00000869881,0.000003584572,-0.000003738108,0.0000041507874,-0.0000044889584,-0.0000051943257],[-0.0000033973392,-0.0000061989867,-0.000008693841,-3.6912627e-7,-5.0067206e-7,8.726279e-7,-0.0000028569225,0.0000018653052],[0.0000085829915,0.000009895836,-0.000004342777,-0.0000016421169,9.536955e-7,0.0000018685641,0.0000069601083,0.0000072330513],[-0.000006464248,-0.0000019611418,-0.000004931184,-0.000004522223,-0.000001678298,-4.2096735e-7,-0.000005783897,-0.000012152491],[-9.4385587e-7,0.0000014599614,0.0000031402997,0.0000014124296,-0.0000015483628,0.0000044551484,0.000004652631,0.0000038836906],[0.000003677572,0.0000017081268,0.0000039978895,0.0000038378525,-0.000006650051,-0.0000066317407,0.0000025338154,0.000014700118]]],"0 | 1":[[[-387.03845,14.085776,26.765995,3.1381683,1.8254602,0.9438321,-0.7445211,0.2761084],[-6.5009923,-7.983899,-10.663346,-1.4249315,-0.9538307,-0.4557228,-0.36148286,-0.0034726858],[0.20291764,-58.565918,-22.412594,-4.138223,-1.9737315,-1.2178478,0.49760723,-0.26597548],[10.463954,11.901605,5.009899,-0.1913023,0.81126213,0.5035486,-0.33002734,0.005823374],[24.369642,15.140294,3.2941537,-0.08941984,0.32205343,0.6576514,0.37848496,0.21426928],[-5.4672785,-3.723229,-1.5685668,0.06334114,-0.13480449,-0.09261227,0.013090968,-0.09386897],[1.8919313,-2.5245345,-1.8640912,-0.2974627,0.004123211,-0.17067182,0.51239836,0.37623024],[-1.0201334,2.5621428,-0.02497387,-0.0016133785,0.16519833,-0.2840383,-0.12271136,0.10902953]],[[-0.0000038146889,-5.225262e-12,0.000001459824,-1.2058297e-12,4.74293e-12,-1.28621835e-11,0.0000035243133,2.4518537e-11],[-8.5828856e-7,-0.0000020414827,-4.6450236e-7,0.0000015594246,8.5828685e-7,1.5822525e-7,0.0000011213954,0.000003166418],[0.0000017621612,-0.0000020720827,-9.536848e-7,4.8618926e-7,3.0233042e-7,0.0000024441915,-0.0000015123172,0.0000013845104],[-4.861779e-7,0.0000019203762,-2.6310602e-7,-0.0000023579387,4.8616755e-7,0.0000017066047,6.3524226e-7,-0.000004464943],[0.0000019073356,0.000002242814,-0.0000024920644,-5.262593e-7,0.0000019073634,-0.0000026455548,-0.0000010322469,-0.0000014986032],[0.0000024441945,9.1618475e-8,0.000001322754,3.5791487e-7,-0.0000024441676,-8.9812227e-7,-0.0000031934846,5.7166557e-7],[-7.299015e-7,8.582732e-7,0.0000042097317,-2.0136804e-7,-0.0000042542497,-0.000001012404,-9.536848e-7,-5.734995e-7],[-5.7349314e-7,0.0000018177234,-3.1034324e-7,0.0000011904597,5.734911e-7,-0.000005511316,7.492637e-7,0.0000014828454]],[[9.536722e-7,0.000003032158,-0.0000056254803,-0.000002774151,0.0000047683593,7.1867964e-7,-0.00001108904,-0.0000054670086],[-0.000014452213,0.000004146017,-0.0000013306139,-2.498732e-7,-0.000011701934,-0.0000030042602,-0.0000080338705,-0.000013013555],[0.000007992289,-6.041878e-7,0.00000909379,0.0000015146491,-0.0000011208333,-0.000013096027,0.00000981591,0.000012712052],[0.000001910393,-0.000004560543,-0.000010116619,0.000011644814,0.0000051545444,0.000009209326,-0.000006817969,0.000008943809],[-0.000004768385,-0.0000069625867,-0.000004342846,-0.0000098251385,-0.00001621249,0.000008427194,0.0000069601133,-0.0000024264232],[-0.000005408587,0.0000074321497,-0.0000035053306,0.0000048359702,-5.534289e-7,-0.0000110861965,3.0377038e-7,0.0000011614994],[0.0000018506529,2.4385838e-7,-0.000011164785,-0.00001650625,0.000009754425,0.000007530524,0.000002350218,-0.0000034171526],[-0.0000030414758,-0.0000059427557,0.0000024941194,0.000008726016,0.000010784822,0.000021521058,0.0000025217234,-8.9003527e-7]]]}